{
    "loss": 0.8781113624572754,
    "accuracy": 0.8362069129943848
}